"grid","herb","wood","cwd","litter","year","treat"
1703,9.029411765,5.117647059,0.729411765,3.3,1,3
1202,16.08823529,10.32352941,0.270588235,4.876470588,1,1
1624,16.38823529,2.5,0.882352941,1.852941176,1,5
1202,9.005882353,15.52941176,0.176470588,2.558823529,5,1
1202,7.970588235,20.82352941,0.429411765,2.352941176,3,1
